DROP TABLE IF EXISTS users_groups;
DROP TABLE IF EXISTS groups;
DROP TABLE IF EXISTS users;
DROP TABLE IF EXISTS cities;
DROP TABLE IF EXISTS departements;
DROP TABLE IF EXISTS regions;



CREATE TABLE IF NOT EXISTS regions (
  id TINYINT(2) UNSIGNED NOT NULL,
  name VARCHAR(256) NOT NULL DEFAULT '',
  PRIMARY KEY (id)
) ENGINE=InnoDB DEFAULT CHARSET=utf8;

CREATE TABLE IF NOT EXISTS departements (
  id CHAR(3) NOT NULL,
  name VARCHAR(256) NOT NULL DEFAULT '',
  region_id TINYINT(2) UNSIGNED NOT NULL,
  PRIMARY KEY (id),
  FOREIGN KEY (region_id) REFERENCES regions (id)
) ENGINE=InnoDB DEFAULT CHARSET=utf8;

CREATE TABLE IF NOT EXISTS cities (
  id INT(2) UNSIGNED NOT NULL AUTO_INCREMENT,
  name VARCHAR(256) NOT NULL DEFAULT '',
  departement_id CHAR(3) NOT NULL,
  PRIMARY KEY (id),
  FOREIGN KEY (departement_id) REFERENCES departements (id)
) ENGINE=InnoDB DEFAULT CHARSET=utf8;



INSERT INTO  regions (id, name)
     VALUES  (1, 'Alsace'),
             (2, 'Aquitaine'),
             (3, 'Auvergne'),
             (4, 'Bourgogne'),
             (5, 'Bretagne'),
             (6, 'Centre'),
             (7, 'Champagne-Ardenne'),
             (8, 'Corse'),
             (9, 'Franche-Comté'),
             (10, 'Île-de-France'),
             (11, 'Languedoc-Roussillon'),
             (12, 'Limousin'),
             (13, 'Lorraine'),
             (14, 'Midi-Pyrénées'),
             (15, 'Nord-Pas-de-Calais'),
             (16, 'Basse-Normandie'),
             (17, 'Haute-Normandie'),
             (18, 'Pays de la Loire'),
             (19, 'Picardie'),
             (20, 'Poitou-Charentes'),
             (21, 'Provence-Alpes-Côte d\'Azur'),
             (22, 'Rhône-Alpes'),
             (23, 'Guyane'),
             (24, 'Guadeloupe'),
             (25, 'Martinique'),
             (26, 'Réunion');

INSERT INTO  departements (id, name, region_id)
     VALUES  ('01', 'Ain', 22),
             ('02', 'Aisne', 19),
             ('03', 'Allier', 3),
             ('04', 'Alpes-de-Haute-Provence', 21),
             ('05', 'Hautes-Alpes', 21),
             ('06', 'Alpes-Maritimes', 21),
             ('07', 'Ardèche', 22),
             ('08', 'Ardennes', 7),
             ('09', 'Ariège', 14),
             ('10', 'Aube', 7),
             ('11', 'Aude', 11),
             ('12', 'Aveyron', 14),
             ('13', 'Bouches-du-Rhône', 21),
             ('14', 'Calvados', 16),
             ('15', 'Cantal', 3),
             ('16', 'Charente', 20),
             ('17', 'Charente-Maritime', 20),
             ('18', 'Cher', 6),
             ('19', 'Corrèze', 12),
             ('2A', 'Corse-du-Sud', 8),
             ('2B', 'Haute-Corse', 8),
             ('21', 'Côte-d\'Or', 4),
             ('22', 'Côtes-d\'Armor', 5),
             ('23', 'Creuse', 12),
             ('24', 'Dordogne', 2),
             ('25', 'Doubs', 9),
             ('26', 'Drôme', 22),
             ('27', 'Eure', 17),
             ('28', 'Eure-et-Loir', 6),
             ('29', 'Finistère', 5),
             ('30', 'Gard', 11),
             ('31', 'Haute-Garonne', 14),
             ('32', 'Gers', 14),
             ('33', 'Gironde', 2),
             ('34', 'Hérault', 11),
             ('35', 'Ille-et-Vilaine', 4),
             ('36', 'Indre', 6),
             ('37', 'Indre-et-Loire', 6),
             ('38', 'Isère', 22),
             ('39', 'Jura', 9),
             ('40', 'Landes', 2),
             ('41', 'Loir-et-Cher', 6),
             ('42', 'Loire', 22),
             ('43', 'Haute-Loire', 3),
             ('44', 'Loire-Atlantique', 18),
             ('45', 'Loiret', 6),
             ('46', 'Lot', 14),
             ('47', 'Lot-et-Garonne', 2),
             ('48', 'Lozère', 11),
             ('49', 'Maine-et-Loire', 18),
             ('50', 'Manche', 16),
             ('51', 'Marne', 7),
             ('52', 'Haute-Marne', 7),
             ('53', 'Mayenne', 18),
             ('54', 'Meurthe-et-Moselle', 13),
             ('55', 'Meuse', 13),
             ('56', 'Morbihan', 5),
             ('57', 'Moselle', 13),
             ('58', 'Nièvre', 4),
             ('59', 'Nord', 15),
             ('60', 'Oise', 19),
             ('61', 'Orne', 16),
             ('62', 'Pas-de-Calais', 15),
             ('63', 'Puy-de-Dôme', 3),
             ('64', 'Pyrénées-Atlantiques', 2),
             ('65', 'Hautes-Pyrénées', 14),
             ('66', 'Pyrénées-Orientales', 11),
             ('67', 'Bas-Rhin', 1),
             ('68', 'Haut-Rhin', 1),
             ('69', 'Rhône', 22),
             ('70', 'Haute-Saône', 9),
             ('71', 'Saône-et-Loire', 4),
             ('72', 'Sarthe', 18),
             ('73', 'Savoie', 22),
             ('74', 'Haute-Savoie', 22),
             ('75', 'Paris', 10),
             ('76', 'Seine-Maritime', 17),
             ('77', 'Seine-et-Marne', 10),
             ('78', 'Yvelines', 10),
             ('79', 'Deux-Sèvres', 20),
             ('80', 'Somme', 19),
             ('81', 'Tarn', 14),
             ('82', 'Tarn-et-Garonne', 14),
             ('83', 'Var', 21),
             ('84', 'Vaucluse', 21),
             ('85', 'Vendée', 18),
             ('86', 'Vienne', 20),
             ('87', 'Haute-Vienne', 12),
             ('88', 'Vosges', 13),
             ('89', 'Yonne', 4),
             ('90', 'Territoire de Belfort', 9),
             ('91', 'Essonne', 10),
             ('92', 'Hauts-de-Seine', 10),
             ('93', 'Seine-Saint-Denis', 10),
             ('94', 'Val-de-Marne', 10),
             ('95', 'Val-d\'Oise', 10),
             ('971', 'Guadeloupe', 24),
             ('972', 'Martinique', 25),
             ('973', 'Guyane', 23),
             ('974', 'La Réunion', 26);



INSERT INTO  cities (name, departement_id)
     VALUES  
('Aast', '64'),
('Ablaincourt-Pressoir', '80'),
('Absie', '79'),
('Achères', '78'),
('Acigné', '35'),
('Agde', '34'),
('Agen', '47'),
('Agneaux', '50'),
('Agon-Coutainville', '50'),
('Ahuy', '21'),
('Aiffres', '79'),
('Aigues-Mortes', '30'),
('Aillas', '33'),
('Ailly-sur-Noye', '80'),
('Airvault', '79'),
('Aix-en-Provence', '13'),
('Aixe-sur-Vienne', '87'),
('Aix-les-Bains', '73'),
('Ajaccio', '2A'),
('Albertville', '73'),
('Albi', '81'),
('Albias', '82'),
('Alençon', '61'),
('Alès', '30'),
('Alfortville', '94'),
('Allauch', '13'),
('Allemagne-en-Provence', '04'),
('Allemans', '24'),
('Allemant', '02'),
('Allouis', '18'),
('Altillac', '19'),
('Altkirch', '68'),
('Alvignac', '46'),
('Amanvillers', '57'),
('Amayé-sur-Orne', '14'),
('Ambilly', '74'),
('Amiens', '80'),
('Amorots-Succos', '64'),
('Amplepuis', '69'),
('Ampuis', '69'),
('Ancenis', '44'),
('Ancienville', '02'),
('Andelys', '27'),
('Andernos-les-Bains', '33'),
('Andrésy', '78'),
('Andrézieux-Bouthéon', '42'),
('Angers', '49'),
('Angles', '30'),
('Angles', '85'),
('Anglet', '64'),
('Angoulême', '16'),
('Angoulins', '17'),
('Anguilcourt-le-Sart', '02'),
('Annecy', '74'),
('Annecy-le-Vieux', '74'),
('Annemasse', '74'),
('Annequin', '62'),
('Anneyron', '26'),
('Annonay', '07'),
('Annot', '04'),
('Antibes', '06'),
('Antonne-et-Trigonant', '24'),
('Antony', '92'),
('Apremont', '60'),
('Arbois', '39'),
('Arcachon', '33'),
('Arcangues', '64'),
('Arches', '15'),
('Arc-sous-Cicon', '25'),
('Arcueil', '94'),
('Ardiège', '31'),
('Argelès-Gazost', '65'),
('Argenteuil', '95'),
('Argentine', '73'),
('Argonay', '74'),
('Armentières', '59'),
('Arnières-sur-Iton', '27'),
('Arpajon', '91'),
('Arradon', '56'),
('Arras', '62'),
('Arrest', '80'),
('Artiguelouve', '64'),
('Arveyres', '33'),
('Arvieux', '05'),
('Arzon', '56'),
('Asnières', '27'),
('Asnières-sur-Seine', '92'),
('Aspres', '61'),
('Athis-Mons', '91'),
('Aubagne', '13'),
('Aubais', '30'),
('Aubas', '24'),
('Aubergenville', '78'),
('Aubervilliers', '93'),
('Aubière', '63'),
('Auby', '59'),
('Auch', '32'),
('Audenge', '33'),
('Aulnay-sous-Bois', '93'),
('Aulnois-sur-Seille', '57'),
('Aulnoye-Aymeries', '59'),
('Aulnoy-lez-Valenciennes', '59'),
('Aups', '83'),
('Auray', '56'),
('Aureville', '31'),
('Auribeau-sur-Siagne', '06'),
('Auriol', '13'),
('Aurouër', '03'),
('Auterive', '31'),
('Authie', '14'),
('Authon-du-Perche', '28'),
('Autrans', '38'),
('Autun', '71'),
('Auvers-sur-Oise', '95'),
('Auxerre', '89'),
('Auzeville-Tolosane', '31'),
('Availles-Limouzine', '86'),
('Avallon', '89'),
('Avanton', '86'),
('Avelin', '59'),
('Avesnes-sur-Helpe', '59'),
('Avignon', '84'),
('Avilly-Saint-Léonard', '60'),
('Avon', '77'),
('Avrillé', '49'),
('Azé', '41'),
('Baccon', '45'),
('Bachivillers', '60'),
('Baden', '56'),
('Bagneaux-sur-Loing', '77'),
('Bagneux', '92'),
('Bagnolet', '93'),
('Bagnols-sur-Cèze', '30'),
('Bailleul', '59'),
('Bailly', '78'),
('Baisieux', '59'),
('Balma', '31'),
('Balme-de-Sillingy', '74'),
('Bannay', '57'),
('Barberaz', '73'),
('Barcelonnette', '04'),
('Barentin', '76'),
('Barp', '33'),
('Barretaine', '39'),
('Bar-sur-Loup', '06'),
('Bassemberg', '67'),
('Bassens', '73'),
('Bassussarry', '64'),
('Bastia', '2B'),
('Bastide-de-Sérou', '09'),
('Bâtie-Vieille', '05'),
('Bauduen', '83'),
('Baule-Escoublac', '44'),
('Baulne', '91'),
('Baume-les-Dames', '25'),
('Bavinchove', '59'),
('Bayeux', '14'),
('Bayonne', '64'),
('Baziège', '31'),
('Bazoches-sur-Guyonne', '78'),
('Beaucaire', '30'),
('Beauchamp', '95'),
('Beaulieu', '61'),
('Beaulieu-sur-Mer', '06'),
('Beaumarchés', '32'),
('Beaumont', '63'),
('Beaumont-Hague', '50'),
('Beaumotte-lès-Pin', '70'),
('Beaune', '21'),
('Beaurecueil', '13'),
('Beaurieux', '02'),
('Beausite', '55'),
('Beausoleil', '06'),
('Beausset', '83'),
('Beauvais', '60'),
('Beauville', '47'),
('Beauzelle', '31'),
('Bégadan', '33'),
('Bègles', '33'),
('Belfort', '90'),
('Belle-Isle-en-Terre', '22'),
('Bellentre', '73'),
('Bellerive-sur-Allier', '03'),
('Belrupt-en-Verdunois', '55'),
('Benerville-sur-Mer', '14'),
('Bennecourt', '78'),
('Bénodet', '29'),
('Bérat', '31'),
('Bérenx', '64'),
('Bergerac', '24'),
('Bergholtz', '68'),
('Bergues', '59'),
('Berling', '57'),
('Bernay', '27'),
('Bernède', '32'),
('Bernin', '38'),
('Berny-Rivière', '02'),
('Berstett', '67'),
('Besançon', '25'),
('Besné', '44'),
('Besse', '15'),
('Béthisy-Saint-Pierre', '60'),
('Béthune', '62'),
('Bettancourt-la-Ferrée', '52'),
('Betton', '35'),
('Betz-le-Château', '37'),
('Beynes', '78'),
('Beynost', '01'),
('Béziers', '34'),
('Bezons', '95'),
('Biarritz', '64'),
('Bidart', '64'),
('Biefmorin', '39'),
('Biesheim', '68'),
('Biéville-Beuville', '14'),
('Bièvres', '91'),
('Biganos', '33'),
('Biguglia', '2B'),
('Billère', '64'),
('Biot', '06'),
('Biscarrosse', '40'),
('Bischheim', '67'),
('Bischwihr', '68'),
('Bischwiller', '67'),
('Biviers', '38'),
('Bizanos', '64'),
('Blaesheim', '67'),
('Blagnac', '31'),
('Blanquefort', '33'),
('Blanzy', '71'),
('Blavozy', '43'),
('Blaye', '33'),
('Blesle', '43'),
('Blodelsheim', '68'),
('Blois', '41'),
('Blonville-sur-Mer', '14'),
('Bobigny', '93'),
('Boeil-Bezing', '64'),
('Boeschepe', '59'),
('Bois-Colombes', '92'),
('Bois-d\'Arcy', '78'),
('Bois-d\'Ennebourg', '76'),
('Bois-Guillaume', '76'),
('Bois-Jérôme-Saint-Ouen', '27'),
('Bois-le-Roi', '77'),
('Boissière-des-Landes', '85'),
('Boissise-la-Bertrand', '77'),
('Boissy-Saint-Léger', '94'),
('Bonchamp-lès-Laval', '53'),
('Bondoufle', '91'),
('Bondues', '59'),
('Bondy', '93'),
('Bon-Encontre', '47'),
('Bongheat', '63'),
('Bonnefamille', '38'),
('Bonnelles', '78'),
('Bonnétable', '72'),
('Bonneuil-Matours', '86'),
('Bonneuil-sur-Marne', '94'),
('Bonneval', '28'),
('Bonrepos-sur-Aussonnelle', '31'),
('Bonsecours', '76'),
('Boran-sur-Oise', '60'),
('Bordeaux', '33'),
('Bordères', '64'),
('Bordères-sur-l\'Échez', '65'),
('Bordes', '64'),
('Bormes-les-Mimosas', '83'),
('Borrèze', '24'),
('Bouc-Bel-Air', '13'),
('Bouchemaine', '49'),
('Boué', '02'),
('Bouffémont', '95'),
('Bougival', '78'),
('Bouguenais', '44'),
('Bouilladisse', '13'),
('Bouillargues', '30'),
('Bouilly', '10'),
('Boulay-Moselle', '57'),
('Boulc', '26'),
('Boulogne', '85'),
('Boulogne-Billancourt', '92'),
('Boulogne-sur-Mer', '62'),
('Bourdeaux', '26'),
('Bourg', '46'),
('Bourg-de-Péage', '26'),
('Bourg-en-Bresse', '01'),
('Bourges', '18'),
('Bourget', '93'),
('Bourget-du-Lac', '73'),
('Bourg-la-Reine', '92'),
('Bourg-lès-Valence', '26'),
('Bourgneuf', '17'),
('Bourgoin-Jallieu', '38'),
('Bourg-Saint-Maurice', '73'),
('Bouscat', '33'),
('Boussac', '35'),
('Bousse', '57'),
('Boussy-Saint-Antoine', '91'),
('Bouxwiller', '67'),
('Bozouls', '12'),
('Brain-sur-l\'Authion', '49'),
('Braisnes', '60'),
('Bray-lès-Mareuil', '80'),
('Bréhal', '50'),
('Bréhand', '22'),
('Breil', '49'),
('Breil-sur-Mérize', '72'),
('Bresilley', '70'),
('Bresse-sur-Grosne', '71'),
('Bresson', '38'),
('Brest', '29'),
('Brétigny-sur-Orge', '91'),
('Breuillet', '91'),
('Breuilpont', '27'),
('Briançon', '05'),
('Briare', '45'),
('Brie-Comte-Robert', '77'),
('Brienne', '71'),
('Brignais', '69'),
('Brigné', '49'),
('Brindas', '69'),
('Brion', '01'),
('Brive-la-Gaillarde', '19'),
('Bron', '69'),
('Brosse-Montceaux', '77'),
('Brou', '28'),
('Bruges', '33'),
('Brunoy', '91'),
('Bruyères-le-Châtel', '91'),
('Bruz', '35'),
('Bry-sur-Marne', '94'),
('Buc', '78'),
('Buchelay', '78'),
('Buchères', '10'),
('Buisse', '38'),
('Bullion', '78'),
('Burelles', '02'),
('Bures-sur-Yvette', '91'),
('Buret', '53'),
('Buros', '64'),
('Buschwiller', '68'),
('Busigny', '59'),
('Bussy-Saint-Georges', '77'),
('Buxerolles', '86'),
('Cabriès', '13'),
('Cachan', '94'),
('Cadaujac', '33'),
('Cadenet', '84'),
('Caen', '14'),
('Cagnes-sur-Mer', '06'),
('Cairon', '14'),
('Calmoutier', '70'),
('Caluire-et-Cuire', '69'),
('Calvinet', '15'),
('Calvisson', '30'),
('Cambernon', '50'),
('Cambrai', '59'),
('Cambrin', '62'),
('Campbon', '44'),
('Camphin-en-Pévèle', '59'),
('Canavaggia', '2B'),
('Cannes', '06'),
('Cannet', '06'),
('Canohès', '66'),
('Canourgue', '48'),
('Canteloup', '14'),
('Cany-Barville', '76'),
('Capinghem', '59'),
('Cappelle-en-Pévèle', '59'),
('Carantec', '29'),
('Carnac', '56'),
('Carnoules', '83'),
('Caromb', '84'),
('Carpentras', '84'),
('Carquefou', '44'),
('Carqueiranne', '83'),
('Carrières-sous-Poissy', '78'),
('Carrières-sur-Seine', '78'),
('Carry-le-Rouet', '13'),
('Carvin', '62'),
('Cassagnes-Bégonhès', '12'),
('Cassel', '59'),
('Cassis', '13'),
('Castanet-Tolosan', '31'),
('Castelginest', '31'),
('Castellet', '83'),
('Castello-di-Rostino', '2B'),
('Castelnaudary', '11'),
('Castelnau-de-Montmiral', '81'),
('Castelnau-le-Lez', '34'),
('Castifao', '2B'),
('Castillon-en-Couserans', '09'),
('Castres', '81'),
('Castries', '34'),
('Cattenom', '57'),
('Caudan', '56'),
('Cavaillon', '84'),
('Cavalaire-sur-Mer', '83'),
('Cazaux', '09'),
('Cazaux-Layrisse', '31'),
('Cazères', '31'),
('Ceaucé', '61'),
('Cébazat', '63'),
('Celle-les-Bordes', '78'),
('Celle-Saint-Cloud', '78'),
('Cendre', '63'),
('Centrès', '12'),
('Cepoy', '45'),
('Cercier', '74'),
('Cercoux', '17'),
('Céret', '66'),
('Cergy', '95'),
('Cerlangue', '76'),
('Cernay', '68'),
('Cernay-la-Ville', '78'),
('Cervens', '74'),
('Cessieu', '38'),
('Cesson', '77'),
('Cesson-Sévigné', '35'),
('Cessy', '01'),
('Cestas', '33'),
('Ceyrat', '63'),
('Ceyreste', '13'),
('Chabeuil', '26'),
('Chainaz-les-Frasses', '74'),
('Châlette-sur-Loing', '45'),
('Challes-les-Eaux', '73'),
('Châlons-en-Champagne', '51'),
('Chalon-sur-Saône', '71'),
('Chamalières', '63'),
('Chambéry', '73'),
('Chambolle-Musigny', '21'),
('Chamborigaud', '30'),
('Chambourcy', '78'),
('Chambre', '73'),
('Chambretaud', '85'),
('Chamelet', '69'),
('Chamonix-Mont-Blanc', '74'),
('Champagne', '07'),
('Champagne-au-Mont-d\'Or', '69'),
('Champagne-en-Valromey', '01'),
('Champagné-Saint-Hilaire', '86'),
('Champagnole', '39'),
('Champfleur', '72'),
('Champhol', '28'),
('Champigneulles', '54'),
('Champigny', '89'),
('Champigny-sur-Marne', '94'),
('Champlan', '91'),
('Champlitte', '70'),
('Champ-près-Froges', '38'),
('Champs-sur-Marne', '77'),
('Changé', '53'),
('Changis-sur-Marne', '77'),
('Chanonat', '63'),
('Chantepie', '35'),
('Chantilly', '60'),
('Chapareillan', '38'),
('Chapelle-d\'Armentières', '59'),
('Chapelle-de-la-Tour', '38'),
('Chapelle-en-Serval', '60'),
('Chapelle-sur-Erdre', '44'),
('Chaponost', '69'),
('Charavines', '38'),
('Charbonnières-les-Bains', '69'),
('Charenton-du-Cher', '18'),
('Charenton-le-Pont', '94'),
('Charleval', '13'),
('Charleville-Mézières', '08'),
('Charnay-lès-Mâcon', '71'),
('Chartres', '28'),
('Chartres-de-Bretagne', '35'),
('Chassagne-Montrachet', '21'),
('Chassieu', '69'),
('Châteaubriant', '44'),
('Château-d\'Olonne', '85'),
('Châteaudun', '28'),
('Châteaufort', '78'),
('Châteaugiron', '35'),
('Châteauneuf-de-Gadagne', '84'),
('Châteauneuf-en-Thymerais', '28'),
('Châteauneuf-Grasse', '06'),
('Châteauneuf-les-Martigues', '13'),
('Châteaurenard', '13'),
('Châteauroux', '36'),
('Château-Thierry', '02'),
('Châtel-Censoir', '89'),
('Châtelguyon', '63'),
('Châtellerault', '86'),
('Châtenay-Malabry', '92'),
('Châtillon', '92'),
('Châtillon', '69'),
('Châtillon-sur-Loire', '45'),
('Chatou', '78'),
('Chauché', '85'),
('Chaulnes', '80'),
('Chaumont-en-Vexin', '60'),
('Chauny', '02'),
('Chaussée-Saint-Victor', '41'),
('Chauvoncourt', '55'),
('Chauvry', '95'),
('Chavanod', '74'),
('Chavenay', '78'),
('Chaville', '92'),
('Chazay-d\'Azergues', '69'),
('Chemillé-sur-Dême', '37'),
('Cheniménil', '88'),
('Chennevières-sur-Marne', '94'),
('Chenôve', '21'),
('Cherbourg-Octeville', '50'),
('Chéreng', '59'),
('Chères', '69'),
('Cherves-Richemont', '16'),
('Chesnay', '78'),
('Chessy', '77'),
('Chevaigné', '35'),
('Chevannes', '89'),
('Chevigny-Saint-Sauveur', '21'),
('Chevreuse', '78'),
('Chèvreville', '50'),
('Chevry', '01'),
('Cheylas', '38'),
('Chignin', '73'),
('Chilly-Mazarin', '91'),
('Choisel', '78'),
('Choisy-au-Bac', '60'),
('Choisy-le-Roi', '94'),
('Cholet', '49'),
('Chomérac', '07'),
('Chooz', '08'),
('Chorges', '05'),
('Cier-de-Luchon', '31'),
('Cierp-Gaud', '31'),
('Cinq-Mars-la-Pile', '37'),
('Ciotat', '13'),
('Civaux', '86'),
('Clairfayts', '59'),
('Clairvaux-les-Lacs', '39'),
('Clamart', '92'),
('Clapiers', '34'),
('Clayes-sous-Bois', '78'),
('Clermont-Ferrand', '63'),
('Clermont-l\'Hérault', '34'),
('Clichy', '92'),
('Clichy-sous-Bois', '93'),
('Clohars-Carnoët', '29'),
('Clusaz', '74'),
('Cluses', '74'),
('Coarraze', '64'),
('Cognac', '16'),
('Cogny', '69'),
('Cogolin', '83'),
('Coin-lès-Cuvry', '57'),
('Colle-sur-Loup', '06'),
('Collonges-au-Mont-d\'Or', '69'),
('Colmar', '68'),
('Colmars', '04'),
('Colmen', '57'),
('Cologne', '32'),
('Colombes', '92'),
('Colomiers', '31'),
('Colonard-Corubert', '61'),
('Combrit', '29'),
('Combronde', '63'),
('Combs-la-Ville', '77'),
('Commentry', '03'),
('Communay', '69'),
('Compiègne', '60'),
('Concarneau', '29'),
('Condé-Northen', '57'),
('Condom', '32'),
('Conflans-Sainte-Honorine', '78'),
('Confolens', '16'),
('Contamines-Montjoie', '74'),
('Coquille', '24'),
('Corbehem', '62'),
('Corbeil-Essonnes', '91'),
('Corbie', '80'),
('Corenc', '38'),
('Cormeilles-en-Parisis', '95'),
('Cormery', '37'),
('Cornebarrieu', '31'),
('Cornillon-Confoux', '13'),
('Cornuaille', '49'),
('Corronsac', '31'),
('Corte', '2B'),
('Cosne-Cours-sur-Loire', '58'),
('Cosnes-et-Romain', '54'),
('Costaros', '43'),
('Côte-Saint-André', '38'),
('Cotignac', '83'),
('Cottenchy', '80'),
('Couarde-sur-Mer', '17'),
('Coublevie', '38'),
('Couchey', '21'),
('Coudoux', '13'),
('Coulanges-lès-Nevers', '58'),
('Coulevon', '70'),
('Coulounieix-Chamiers', '24'),
('Courances', '91'),
('Courbevoie', '92'),
('Courcelles-sur-Seine', '27'),
('Courcemont', '72'),
('Courcouronnes', '91'),
('Courdimanche', '95'),
('Courneuve', '93'),
('Cournon-d\'Auvergne', '63'),
('Courrières', '62'),
('Cours', '46'),
('Courtalain', '28'),
('Courtry', '77'),
('Couternon', '21'),
('Couzeix', '87'),
('Coye-la-Forêt', '60'),
('Cozes', '17'),
('Crach', '56'),
('Cranves-Sales', '74'),
('Craponne', '69'),
('Crau', '83'),
('Creil', '60'),
('Crépy-en-Valois', '60'),
('Crès', '34'),
('Crespières', '78'),
('Crespin', '59'),
('Créteil', '94'),
('Creusot', '71'),
('Crèvecœur-le-Grand', '60'),
('Crochte', '59'),
('Croisic', '44'),
('Croissy-sur-Seine', '78'),
('Croix', '59'),
('Croix-Helléan', '56'),
('Croix-Valmer', '83'),
('Crolles', '38'),
('Cropte', '53'),
('Crosne', '91'),
('Crotenay', '39'),
('Crozon', '29'),
('Cruet', '73'),
('Cucuron', '84'),
('Cuers', '83'),
('Cugnaux', '31'),
('Cuincy', '59'),
('Culoz', '01'),
('Curchy', '80'),
('Cusset', '03'),
('Cusy', '74'),
('Cuvat', '74'),
('Dagneux', '01'),
('Dainville', '62'),
('Dambach-la-Ville', '67'),
('Dammarie-les-Lys', '77'),
('Damparis', '39'),
('Dampierre-en-Burly', '45'),
('Dampierre-en-Yvelines', '78'),
('Darney', '88'),
('Darvault', '77'),
('Darvoy', '45'),
('Daumeray', '49'),
('Davayé', '71'),
('Dax', '40'),
('Deauville', '14'),
('Decazeville', '12'),
('Décines-Charpieu', '69'),
('Denain', '59'),
('Derval', '44'),
('Desvres', '62'),
('Deuil-la-Barre', '95'),
('Deyme', '31'),
('Dieppe', '76'),
('Dieulouard', '54'),
('Digne-les-Bains', '04'),
('Digoin', '71'),
('Dijon', '21'),
('Dinan', '22'),
('Dinard', '35'),
('Dingy-Saint-Clair', '74'),
('Dinsheim-sur-Bruche', '67'),
('Dirac', '16'),
('Dirinon', '29'),
('Dives-sur-Mer', '14'),
('Divonne-les-Bains', '01'),
('Dole', '39'),
('Dolomieu', '38'),
('Dolus-le-Sec', '37'),
('Domène', '38'),
('Domérat', '03'),
('Domessin', '73'),
('Domfront-en-Champagne', '72'),
('Dompierre-sur-Yon', '85'),
('Donzy', '58'),
('Dornot', '57'),
('Douai', '59'),
('Dourdan', '91'),
('Doussard', '74'),
('Douy', '28'),
('Draguignan', '83'),
('Drancy', '93'),
('Draveil', '91'),
('Dreux', '28'),
('Droupt-Saint-Basle', '10'),
('Duilhac-sous-Peyrepertuse', '11'),
('Dunkerque', '59'),
('Dury', '80'),
('Dyo', '71'),
('Eaubonne', '95'),
('Eauze', '32'),
('Écardenville-sur-Eure', '27'),
('Échirolles', '38'),
('Eckbolsheim', '67'),
('École', '73'),
('Ecquevilly', '78'),
('Écully', '69'),
('Égly', '91'),
('Éguilles', '13'),
('Élancourt', '78'),
('Elzange', '57'),
('Émerainville', '77'),
('Emmerin', '59'),
('Encourtiech', '09'),
('Enghien-les-Bains', '95'),
('Englancourt', '02'),
('Ennery', '95'),
('Ennetières-en-Weppes', '59'),
('Entraigues-sur-la-Sorgue', '84'),
('Entrange', '57'),
('Entrecasteaux', '83'),
('Entrevennes', '04'),
('Épagny', '74'),
('Épernay', '51'),
('Épernon', '28'),
('Épinal', '88'),
('Épinay-sous-Sénart', '91'),
('Épinay-sur-Seine', '93'),
('Épine', '85'),
('Épron', '14'),
('Équeurdreville-Hainneville', '50'),
('Éragny', '95'),
('Éragny-sur-Epte', '60'),
('Ermenonville', '60'),
('Ermont', '95'),
('Erquy', '22'),
('Erstein', '67'),
('Escalquens', '31'),
('Espagnac', '19'),
('Essey-lès-Nancy', '54'),
('Essoyes', '10'),
('Estadens', '31'),
('Estreux', '59'),
('Étables', '07'),
('Étainhus', '76'),
('Étampes', '91'),
('Étang-la-Ville', '78'),
('Étang-sur-Arroux', '71'),
('Étiolles', '91'),
('Étoile-sur-Rhône', '26'),
('Étrat', '42'),
('Étréchy', '91'),
('Étrochey', '21'),
('Etzling', '57'),
('Eu', '76'),
('Eulmont', '54'),
('Euville', '55'),
('Évenos', '83'),
('Évian-les-Bains', '74'),
('Évrange', '57'),
('Évreux', '27'),
('Évry', '91'),
('Évry-Grégy-sur-Yerre', '77'),
('Eybens', '38'),
('Eyguières', '13'),
('Eymoutiers', '87'),
('Eysines', '33'),
('Ézanville', '95'),
('Faches-Thumesnil', '59'),
('Falicon', '06'),
('Fameck', '57'),
('Fare-les-Oliviers', '13'),
('Fay-le-Clos', '26'),
('Feignies', '59'),
('Feneu', '49'),
('Féricy', '77'),
('Ferney-Voltaire', '01'),
('Férolles-Attilly', '77'),
('Ferrières-en-Brie', '77'),
('Ferrières-en-Gâtinais', '45'),
('Ferté-Bernard', '72'),
('Ferté-Saint-Aubin', '45'),
('Ferté-sous-Jouarre', '77'),
('Festubert', '62'),
('Feucherolles', '78'),
('Feuquières', '60'),
('Figeac', '46'),
('Flamanville', '50'),
('Flèche', '72'),
('Fleury', '11'),
('Flines-lez-Raches', '59'),
('Flocellière', '85'),
('Floing', '08'),
('Floirac', '33'),
('Florange', '57'),
('Flottemanville', '50'),
('Flourens', '31'),
('Foix', '09'),
('Fondettes', '37'),
('Fonsorbes', '31'),
('Fontain', '25'),
('Fontaine', '38'),
('Fontainebleau', '77'),
('Fontaine-la-Gaillarde', '89'),
('Fontaine-la-Mallet', '76'),
('Fontaine-lès-Dijon', '21'),
('Fontanes', '48'),
('Fontanil-Cornillon', '38'),
('Fontenay-aux-Roses', '92'),
('Fontenay-le-Fleury', '78'),
('Fontenay-le-Marmion', '14'),
('Fontenay-le-Vicomte', '91'),
('Fontenay-sous-Bois', '94'),
('Fontenilles', '31'),
('Fontoy', '57'),
('Forceville-en-Vimeu', '80'),
('Forêt-Fouesnant', '29'),
('Forges-les-Bains', '91'),
('Fos-sur-Mer', '13'),
('Fouesnant', '29'),
('Fougeré', '85'),
('Fouquières-lès-Béthune', '62'),
('Fourqueux', '78'),
('Fourquevaux', '31'),
('Francescas', '47'),
('Francheville', '69'),
('Franconville', '95'),
('Fréchendets', '65'),
('Frégouville', '32'),
('Fréjus', '83'),
('Frénaye', '76'),
('Fresnes', '94'),
('Frette-sur-Seine', '95'),
('Freyming-Merlebach', '57'),
('Frichemesnil', '76'),
('Frœschwiller', '67'),
('Fromelennes', '08'),
('Fronsac', '33'),
('Fublaines', '77'),
('Fumel', '47'),
('Gagny', '93'),
('Gaillard', '74'),
('Gambais', '78'),
('Gap', '05'),
('Garches', '92'),
('Garchizy', '58'),
('Garde', '83'),
('Garenne-Colombes', '92'),
('Garéoult', '83'),
('Gargenville', '78'),
('Garlan', '29'),
('Gasny', '27'),
('Gassin', '83'),
('Gattières', '06'),
('Gaude', '06'),
('Gauré', '31'),
('Gavray', '50'),
('Gazeran', '78'),
('Geispolsheim', '67'),
('Gémenos', '13'),
('Genas', '69'),
('Genay', '69'),
('Génissieux', '26'),
('Gennevilliers', '92'),
('Génolhac', '30'),
('Genouillé', '86'),
('Gentilly', '94'),
('Géovreisset', '01'),
('Ger', '50'),
('Gérardmer', '88'),
('Gergny', '02'),
('Gertwiller', '67'),
('Gerzat', '63'),
('Gévezé', '35'),
('Gex', '01'),
('Ghisonaccia', '2B'),
('Ghisoni', '2B'),
('Gien', '45'),
('Gières', '38'),
('Gif-sur-Yvette', '91'),
('Giroussens', '81'),
('Giry', '58'),
('Gisors', '27'),
('Givet', '08'),
('Givonne', '08'),
('Givors', '69'),
('Givry', '71'),
('Glacerie', '50'),
('Gometz-la-Ville', '91'),
('Gometz-le-Châtel', '91'),
('GondPontouvre', '16'),
('Gonfaron', '83'),
('Gonneville-sur-Honfleur', '14'),
('Gonneville-sur-Mer', '14'),
('Gordes', '84'),
('Gouvieux', '60'),
('Goxwiller', '67'),
('Gradignan', '33'),
('Gramat', '46'),
('Grand-Auverné', '44'),
('Grand-Bornand', '74'),
('Grande-Synthe', '59'),
('Grande-Verrière', '71'),
('Grandfontaine', '25'),
('Grand-Pressigny', '37'),
('Grans', '13'),
('Granville', '50'),
('Grasse', '06'),
('Grave', '05'),
('Gravelines', '59'),
('Grenoble', '38'),
('Grépiac', '31'),
('Grésy-sur-Aix', '73'),
('Grézieu-le-Marché', '69'),
('Grézillé', '49'),
('Grignan', '26'),
('Groisy', '74'),
('Grosrouvre', '78'),
('Gruchet-le-Valasse', '76'),
('Gruson', '59'),
('Guérande', '44'),
('Guérard', '77'),
('Guéret', '23'),
('Guerville', '78'),
('Guichen', '35'),
('Guidel', '56'),
('Guignes', '77'),
('Guilers', '29'),
('Guilherand-Granges', '07'),
('Guingamp', '22'),
('Gujan-Mestras', '33'),
('Guyancourt', '78'),
('Habsheim', '68'),
('Hagondange', '57'),
('Haillan', '33'),
('Halluin', '59'),
('Hannonville-Suzémont', '54'),
('Hardricourt', '78'),
('Harfleur', '76'),
('Hasnon', '59'),
('Haubourdin', '59'),
('Hautecourt-Romanèche', '01'),
('Hauteville-lès-Dijon', '21'),
('Hauteville-Lompnes', '01'),
('Havre', '76'),
('Haÿ-les-Roses', '94'),
('Hazebrouck', '59'),
('Hédouville', '95'),
('Heillecourt', '54'),
('Hénanbihen', '22'),
('Hénin-Beaumont', '62'),
('Herbeville', '78'),
('Herblay', '95'),
('Héricy', '77'),
('Hermanville-sur-Mer', '14'),
('Hermeray', '78'),
('Herrlisheim', '67'),
('Herrlisheim-près-Colmar', '68'),
('Hersin-Coupigny', '62'),
('Hésingue', '68'),
('Hochfelden', '67'),
('Hochstatt', '68'),
('Honfleur', '14'),
('Horgues', '65'),
('Hostens', '33'),
('Houches', '74'),
('Houdain-lez-Bavay', '59'),
('Houdan', '78'),
('Houilles', '78'),
('Houlbec-Cocherel', '27'),
('Houlgate', '14'),
('Hoymille', '59'),
('Hyères', '83'),
('Ibos', '65'),
('Idron', '64'),
('Igny', '91'),
('Île-d\'Yeu', '85'),
('Illkirch-Graffenstaden', '67'),
('Irigny', '69'),
('Irvillac', '29'),
('Isbergues', '62'),
('Isle', '87'),
('Isle-Adam', '95'),
('Isle-d\'Abeau', '38'),
('Isle-sur-la-Sorgue', '84'),
('Isneauville', '76'),
('Issoire', '63'),
('Issoudun', '36'),
('Issy-les-Moulineaux', '92'),
('Istres', '13'),
('Ivry-sur-Seine', '94'),
('Jacob-Bellecombette', '73'),
('Jacou', '34'),
('Janzé', '35'),
('Jarny', '54'),
('Jarville-la-Malgrange', '54'),
('Jenzat', '03'),
('Jeumont', '59'),
('Jœuf', '54'),
('Joinville-le-Pont', '94'),
('Jonage', '69'),
('Joué-lès-Tours', '37'),
('Jouques', '13'),
('Jourgnac', '87'),
('Journans', '01'),
('Jouy', '28'),
('Jouy-en-Josas', '78'),
('Jouy-le-Moutier', '95'),
('Juillan', '65'),
('Jurançon', '64'),
('Jussy', '02'),
('Jussy', '57'),
('Juvigny', '74'),
('Juvisy-sur-Orge', '91'),
('Kerbors', '22'),
('Kremlin-Bicêtre', '94'),
('Kunheim', '68'),
('Labarthe-sur-Lèze', '31'),
('Labège', '31'),
('Labenne', '40'),
('Labrit', '40'),
('Lac-des-Rouges-Truites', '39'),
('Lacelle', '19'),
('Lachambre', '57'),
('Lachy', '51'),
('Lagny-sur-Marne', '77'),
('Lagrasse', '11'),
('Laguenne', '19'),
('Laillé', '35'),
('Lalande-de-Pomerol', '33'),
('Lalinde', '24'),
('Lamagdelaine', '46'),
('Lamanon', '13'),
('Lamarque-Pontacq', '65'),
('Lambersart', '59'),
('Lambesc', '13'),
('Lambres-lez-Douai', '59'),
('Lamnay', '72'),
('Lamorlaye', '60'),
('Lampaul-Ploudalmézeau', '29'),
('Lampertheim', '67'),
('Lancieux', '22'),
('Landerneau', '29'),
('Landévennec', '29'),
('Landunvez', '29'),
('Langogne', '48'),
('Langueux', '22'),
('Languidic', '56'),
('Lannemezan', '65'),
('Lannion', '22'),
('Lansargues', '34'),
('Lans-en-Vercors', '38'),
('Laon', '02'),
('Lapalisse', '03'),
('Lapeyrouse-Fossat', '31'),
('Lardiers', '04'),
('Lardy', '91'),
('Larmor-Baden', '56'),
('Larmor-Plage', '56'),
('Laroin', '64'),
('Lattes', '34'),
('Lauris', '84'),
('Lautenbach', '68'),
('Lauzerville', '31'),
('Laval', '53'),
('Laventie', '62'),
('Lavernay', '25'),
('Lavernose-Lacasse', '31'),
('Laxou', '54'),
('Laymont', '32'),
('Lée', '64'),
('Leffrinckoucke', '59'),
('Lège-Cap-Ferret', '33'),
('Léguevin', '31'),
('Lembras', '24'),
('Lempdes', '63'),
('Lemps', '07'),
('Lens', '62'),
('Lens-Lestang', '26'),
('Lerrain', '88'),
('Lescar', '64'),
('Lescheraines', '73'),
('Lésigny', '77'),
('Lesquin', '59'),
('Lessy', '57'),
('Lestanville', '76'),
('Létra', '69'),
('Leudeville', '91'),
('Leuville-sur-Orge', '91'),
('Levallois-Perret', '92'),
('Lèves', '28'),
('Lévignac', '31'),
('Lévignac-de-Guyenne', '47'),
('Lévis-Saint-Nom', '78'),
('Levroux', '36'),
('Lexy', '54'),
('Lézat-sur-Lèze', '09'),
('Lezennes', '59'),
('Lézignan', '65'),
('Libourne', '33'),
('Liège', '37'),
('Liergues', '69'),
('Lieusaint', '77'),
('Lilas', '93'),
('Lille', '59'),
('Lillebonne', '76'),
('Limeil-Brévannes', '94'),
('Limoges', '87'),
('Limonest', '69'),
('Limours', '91'),
('Lingolsheim', '67'),
('Linselles', '59'),
('Lirac', '30'),
('Lisieux', '14'),
('Lisle-sur-Tarn', '81'),
('Lissay-Lochy', '18'),
('Lisses', '91'),
('Livernon', '46'),
('Livry-Gargan', '93'),
('Locmaria-Plouzané', '29'),
('Locmiquélic', '56'),
('Locquirec', '29'),
('Loctudy', '29'),
('Lodève', '34'),
('Loges-en-Josas', '78'),
('Lognes', '77'),
('Loire-sur-Rhône', '69'),
('Loix', '17'),
('Lommerange', '57'),
('Lompret', '59'),
('Longjumeau', '91'),
('Longny-au-Perche', '61'),
('Longpont-sur-Orge', '91'),
('Longueil-Sainte-Marie', '60'),
('Longueville', '77'),
('Lons', '64'),
('Lons-le-Saunier', '39'),
('Looberghe', '59'),
('Loos', '59'),
('Lorient', '56'),
('Louannec', '22'),
('Loulans-Verchamp', '70'),
('Lourdes', '65'),
('Louveciennes', '78'),
('Louviers', '27'),
('Louye', '27'),
('Lozanne', '69'),
('Luçon', '85'),
('Luc-sur-Mer', '14'),
('Ludes', '51'),
('Luigné', '49'),
('Luisant', '28'),
('Lunel-Viel', '34'),
('Lure', '70'),
('Luynes', '37'),
('Luzy', '58'),
('Lyon', '69'),
('Mâcon', '71'),
('Madeleine', '59'),
('Magnac-sur-Touvre', '16'),
('Magnanville', '78'),
('Magny-en-Vexin', '95'),
('Magny-les-Hameaux', '78'),
('Maisoncelle-Saint-Pierre', '60'),
('Maison-des-Champs', '10'),
('Maisons-Alfort', '94'),
('Maisons-Laffitte', '78'),
('Maizières-lès-Metz', '57'),
('Malakoff', '92'),
('Malemort-du-Comtat', '84'),
('Malissard', '26'),
('Malzéville', '54'),
('Manchecourt', '45'),
('Mandelieu-la-Napoule', '06'),
('Manneville-ès-Plains', '76'),
('Manosque', '04'),
('Mans', '72'),
('Mantes-la-Jolie', '78'),
('Maransin', '33'),
('Marboz', '01'),
('Marchiennes', '59'),
('Marck', '62'),
('Marc-la-Tour', '19'),
('Marçon', '72'),
('Marcoussis', '91'),
('Marcq-en-Barœul', '59'),
('Mareil-Marly', '78'),
('Mareil-sur-Mauldre', '78'),
('Maresches', '59'),
('Mareuil-lès-Meaux', '77'),
('Margency', '95'),
('Marignane', '13'),
('Marle', '02'),
('Marly', '57'),
('Marly', '59'),
('Marly-le-Roi', '78'),
('Marnes-la-Coquette', '92'),
('Marolles-en-Brie', '94'),
('Marolles-en-Hurepoix', '91'),
('Maromme', '76'),
('Marquillies', '59'),
('Marray', '37'),
('Marsat', '63'),
('Marseillan', '34'),
('Marseille', '13'),
('Marsillargues', '34'),
('Marthod', '73'),
('Martigues', '13'),
('Marvejols', '48'),
('Marzan', '56'),
('Masevaux', '68'),
('Massac-Séran', '81'),
('Massay', '18'),
('Massongy', '74'),
('Massy', '91'),
('Maubec', '84'),
('Maubeuge', '59'),
('Maubourguet', '65'),
('Maulette', '78'),
('Maupertus-sur-Mer', '50'),
('Maurepas', '78'),
('Maurines', '15'),
('Mauves-sur-Huisne', '61'),
('Maxilly-sur-Léman', '74'),
('Mayenne', '53'),
('May-sur-Èvre', '49'),
('Mazamet', '81'),
('Mée-sur-Seine', '77'),
('Megève', '74'),
('Méjannes-lès-Alès', '30'),
('Melun', '77'),
('Ménétrol', '63'),
('Mennecy', '91'),
('Menthon-Saint-Bernard', '74'),
('Menton', '06'),
('Mercury', '73'),
('Méré', '78'),
('Mérignac', '33'),
('Merville', '31'),
('Méry-sur-Oise', '95'),
('Mésanger', '44'),
('Mesland', '41'),
('Mesnay', '39'),
('Mesneux', '51'),
('Mesnil-Esnard', '76'),
('Mesnil-le-Roi', '78'),
('Mesnil-Panneville', '76'),
('Mesnil-Saint-Denis', '78'),
('Mesquer', '44'),
('Messanges', '40'),
('Metz', '57'),
('Metz-Tessy', '74'),
('Meudon', '92'),
('Meulan', '78'),
('Meylan', '38'),
('Meyrargues', '13'),
('Meyreuil', '13'),
('Mézières-sur-Seine', '78'),
('Mézilles', '89'),
('Mézy-sur-Seine', '78'),
('Michelbach-le-Bas', '68'),
('Mignaloux-Beauvoir', '86'),
('Milesse', '72'),
('Millau', '12'),
('Millery', '69'),
('Milles', '13'),
('Mimet', '13'),
('Mios', '33'),
('Miramas', '13'),
('Mitry-Mory', '77'),
('Mittelhausbergen', '67'),
('Moigny-sur-École', '91'),
('Moirans', '38'),
('Moissac', '82'),
('Moissy-Cramayel', '77'),
('Molinot', '21'),
('Momas', '64'),
('Monblanc', '32'),
('Monceaux-en-Bessin', '14'),
('Moncourt', '57'),
('Monnetier-Mornex', '74'),
('Mons', '31'),
('Montagne', '44'),
('Montaigut-sur-Save', '31'),
('Montainville', '78'),
('Montargis', '45'),
('Montataire', '60'),
('Montauban', '82'),
('Montauban-de-Luchon', '31'),
('Montaud', '38'),
('Montauville', '54'),
('Montayral', '47'),
('Montazeau', '24'),
('Montbard', '21'),
('Montbéliard', '25'),
('Montberon', '31'),
('Montbonnot-Saint-Martin', '38'),
('Montchaboud', '38'),
('Mont-de-Marsan', '40'),
('Montécheroux', '25'),
('Monteignet-sur-l\'Andelot', '03'),
('Monteils', '82'),
('Montélier', '26'),
('Montélimar', '26'),
('Montenay', '53'),
('Montesson', '78'),
('Monteux', '84'),
('Montferrier-sur-Lez', '34'),
('Montfort-l\'Amaury', '78'),
('Montfort-sur-Argens', '83'),
('Montfort-sur-Meu', '35'),
('Montgaillard-Lauragais', '31'),
('Montgeron', '91'),
('Montiers', '60'),
('Montigny-le-Bretonneux', '78'),
('Montigny-lès-Metz', '57'),
('Montivilliers', '76'),
('Montlhéry', '91'),
('Montluel', '01'),
('Montmagny', '95'),
('Montmélian', '73'),
('Montmerle-sur-Saône', '01'),
('Montmorency', '95'),
('Montoir-de-Bretagne', '44'),
('Montpellier', '34'),
('Montperreux', '25'),
('Mont-près-Chambord', '41'),
('Montrabé', '31'),
('Montréal-la-Cluse', '01'),
('Montreuil', '93'),
('Montreuil-Juigné', '49'),
('Montreuil-le-Gast', '35'),
('Montrouge', '92'),
('Monts', '37'),
('Mont-Saint-Adrien', '60'),
('Mont-Saint-Aignan', '76'),
('Mont-Saint-Éloi', '62'),
('Mont-Saint-Martin', '54'),
('Mont-Saint-Michel', '50'),
('Montvalen', '81'),
('Morainvilliers', '78'),
('Morangis', '91'),
('Morbecque', '59'),
('Morillon', '74'),
('Morla', '64'),
('Mormant', '77'),
('Morsalines', '50'),
('Morsang-sur-Orge', '91'),
('Motte-Servolex', '73'),
('Mouans-Sartoux', '06'),
('Mouazé', '35'),
('Mougins', '06'),
('Mougon', '79'),
('Moulicent', '61'),
('Moulins', '03'),
('Mourenx', '64'),
('Mouret', '12'),
('Moutiers-en-Retz', '44'),
('Mouvaux', '59'),
('Mouxy', '73'),
('Moyaux', '14'),
('Moye', '74'),
('Mulhouse', '68'),
('Muraz', '74'),
('Mure', '38'),
('Mureaux', '78'),
('Muret', '31'),
('Muy', '83'),
('Muzillac', '56'),
('Muzy', '27'),
('Nadaillac-de-Rouge', '46'),
('Nailloux', '31'),
('Nainville-les-Roches', '91'),
('Nancy', '54'),
('Nant', '12'),
('Nanterre', '92'),
('Nantes', '44'),
('Narbonne', '11'),
('Narrosse', '40'),
('Nâves-Parmelan', '74'),
('Nay', '64'),
('Néant-sur-Yvel', '56'),
('Neauphle-le-Château', '78'),
('Neffes', '05'),
('Nemours', '77'),
('Nérac', '47'),
('Néris-les-Bains', '03'),
('Nerville-la-Forêt', '95'),
('Nesle', '80'),
('Nesles-la-Montagne', '02'),
('Nesles-la-Vallée', '95'),
('Neufchâtel-Hardelot', '62'),
('Neufmoulins', '57'),
('Neufmoutiers-en-Brie', '77'),
('Neuilly', '89'),
('Neuilly-l\'Évêque', '52'),
('Neuilly-Plaisance', '93'),
('Neuilly-sur-Marne', '93'),
('Neuilly-sur-Seine', '92'),
('Neuvecelle', '74'),
('Neuves-Maisons', '54'),
('Neuville-les-Dames', '01'),
('Neuville-sur-Oise', '95'),
('Neuwiller', '68'),
('Neuwiller-lès-Saverne', '67'),
('Nevers', '58'),
('Névez', '29'),
('Nexon', '87'),
('Nice', '06'),
('Nîmes', '30'),
('Niort', '79'),
('Nivillac', '56'),
('Nivolas-Vermelle', '38'),
('Nod-sur-Seine', '21'),
('Nogent-sur-Marne', '94'),
('Nogent-sur-Oise', '60'),
('Nogent-sur-Seine', '10'),
('Nohanent', '63'),
('Nointel', '60'),
('Noirmoutier-en-l\'Île', '85'),
('Noisy-le-Grand', '93'),
('Noisy-le-Roi', '78'),
('Noisy-le-Sec', '93'),
('Noisy-sur-École', '77'),
('Nomain', '59'),
('Norroy-le-Veneur', '57'),
('Norville', '91'),
('Notre-Dame-de-l\'Isle', '27'),
('Nouan-le-Fuzelier', '41'),
('Nouvelle-Église', '62'),
('Noyal-Châtillon-sur-Seiche', '35'),
('Noyal-Muzillac', '56'),
('Noyal-sur-Vilaine', '35'),
('Noyon', '60'),
('Nozay', '91'),
('Nyons', '26'),
('Obernai', '67'),
('Octeville-l\'Avenel', '50'),
('Octeville-sur-Mer', '76'),
('Offemont', '90'),
('Ohlungen', '67'),
('Oinville-sur-Montcient', '78'),
('Olivet', '45'),
('Ollainville', '91'),
('Oppède', '84'),
('Orange', '84'),
('Orban', '81'),
('Orcines', '63'),
('Orgelet', '39'),
('Orléans', '45'),
('Orléat', '63'),
('Orleix', '65'),
('Orliénas', '69'),
('Ormesson-sur-Marne', '94'),
('Ornans', '25'),
('Ornex', '01'),
('Oroër', '60'),
('Orsay', '91'),
('Orvault', '44'),
('Osny', '95'),
('Ossès', '64'),
('Ostwald', '67'),
('Ouistreham', '14'),
('Oullins', '69'),
('Ouville-la-Rivière', '76'),
('Ouzouer-sur-Loire', '45'),
('Oyonnax', '01'),
('Ozoir-la-Ferrière', '77'),
('Pact', '38'),
('Pagny-sur-Moselle', '54'),
('Paimpol', '22'),
('Paisy-Cosdon', '10'),
('Palais', '56'),
('Palaiseau', '91'),
('Palme', '11'),
('Pamiers', '09'),
('Pancheraccia', '2B'),
('Pange', '57'),
('Pannecé', '44'),
('Pantin', '93'),
('Paray-le-Monial', '71'),
('Paray-Vieille-Poste', '91'),
('Parc-d\'Anxtot', '76'),
('Parcé-sur-Sarthe', '72'),
('Parentis-en-Born', '40'),
('Parigny', '50'),
('Paris', '75'),
('Paris-l\'Hôpital', '71'),
('Parisot', '82'),
('Pars-lès-Romilly', '10'),
('Passage', '38'),
('Passy', '74'),
('Pau', '64'),
('Paulhac', '31'),
('Pechbusque', '31'),
('Pecq', '78'),
('Pecquencourt', '59'),
('Pégomas', '06'),
('Peille', '06'),
('Pélissanne', '13'),
('Peltre', '57'),
('Pélussin', '42'),
('Pelvoux', '05'),
('Penmarch', '29'),
('Pennes-Mirabeau', '13'),
('Penne-sur-Huveaune', '13'),
('Pérignat-lès-Sarliève', '63'),
('Périgueux', '24'),
('Pérols', '34'),
('Péronnas', '01'),
('Perpignan', '66'),
('Perréon', '69'),
('Perreux-sur-Marne', '94'),
('Perrigny', '89'),
('Perros-Guirec', '22'),
('Pertuis', '84'),
('Pessac', '33'),
('Petit-Auverné', '44'),
('Peypin', '13'),
('Peyreleau', '12'),
('Pézènes-les-Mines', '34'),
('Pfastatt', '68'),
('Pian-Médoc', '33'),
('Pibrac', '31'),
('Piégut-Pluviers', '24'),
('Pierre-de-Bresse', '71'),
('Pierrefitte-sur-Seine', '93'),
('Pierrelatte', '26'),
('Pierrevert', '04'),
('Pignan', '34'),
('Pigny', '18'),
('Pins-Justaret', '31'),
('Piolenc', '84'),
('Piré-sur-Seiche', '35'),
('Pirey', '25'),
('Pithiviers', '45'),
('Plailly', '60'),
('Plaine-sur-Mer', '44'),
('Plaisance-du-Touch', '31'),
('Plaisir', '78'),
('Plancher-Bas', '70'),
('Plan-de-Cuques', '13'),
('Plan-de-la-Tour', '83'),
('Pléneuf-Val-André', '22'),
('Plérin', '22'),
('Plesnois', '57'),
('Plessis-Pâté', '91'),
('Plessis-Robinson', '92'),
('Plessis-Trévise', '94'),
('Pleumeur-Bodou', '22'),
('Pleuven', '29'),
('Plobannalec-Lesconil', '29'),
('Ploemeur', '56'),
('Ploeren', '56'),
('Plomeur', '29'),
('Plonéour-Lanvern', '29'),
('Plouër-sur-Rance', '22'),
('Plouescat', '29'),
('Plouézec', '22'),
('Ploufragan', '22'),
('Plougasnou', '29'),
('Plougastel-Daoulas', '29'),
('Plougonvelin', '29'),
('Plouguerneau', '29'),
('Plouha', '22'),
('Plouhinec', '56'),
('Plouhinec', '29'),
('Ploumagoar', '22'),
('Ploumilliau', '22'),
('Plounéour-Trez', '29'),
('Plourin', '29'),
('Plouzané', '29'),
('Plurien', '22'),
('Poil', '58'),
('Poilly-lez-Gien', '45'),
('Pointel', '61'),
('Poisat', '38'),
('Poissy', '78'),
('Poisy', '74'),
('Poitiers', '86'),
('Polignac', '43'),
('Pollionnay', '69'),
('Pomérols', '34'),
('Pommiers', '42'),
('Pompertuzat', '31'),
('Pompey', '54'),
('Pompignac', '33'),
('Pont-Ã -Marcq', '59'),
('Pont-Ã -Mousson', '54'),
('Pontarlier', '25'),
('Pont-Audemer', '27'),
('Pontault-Combault', '77'),
('Pontchâteau', '44'),
('Pont-de-Metz', '80'),
('Pont-de-Poitte', '39'),
('Pont-de-Roide', '25'),
('Pont-de-Salars', '12'),
('Pont-du-Château', '63'),
('Pontgouin', '28'),
('Pontoise', '95'),
('Pont-Sainte-Maxence', '60'),
('Ponts-de-Cé', '49'),
('Pornic', '44'),
('Pornichet', '44'),
('Port', '01'),
('Port-en-Bessin-Huppain', '14'),
('Portes', '30'),
('Portes-en-Ré', '17'),
('Port-Louis', '56'),
('Port-Marly', '78'),
('Porto-Vecchio', '2A'),
('Port-sur-Saône', '70'),
('Pouliguen', '44'),
('Pournoy-la-Grasse', '57'),
('Pouzauges', '85'),
('Prades-le-Lez', '34'),
('Pradet', '83'),
('Pradines', '46'),
('Pralognan-la-Vanoise', '73'),
('Prayssas', '47'),
('Préaux-du-Perche', '61'),
('Précy-sur-Oise', '60'),
('Pré-Saint-Gervais', '93'),
('Préserville', '31'),
('Presles', '95'),
('Prévessin-Moëns', '01'),
('Princé', '35'),
('Pringy', '74'),
('Prissé', '71'),
('Prompsat', '63'),
('Provins', '77'),
('Prunay', '51'),
('Prunay-le-Temple', '78'),
('Publier', '74'),
('Puichéric', '11'),
('Puligny-Montrachet', '21'),
('Pulnoy', '54'),
('Puteaux', '92'),
('Puycornet', '82'),
('Puy-Sainte-Réparade', '13'),
('Quartier', '63'),
('Quesnoy-sur-Deûle', '59'),
('Queue-les-Yvelines', '78'),
('Quéven', '56'),
('Quevillon', '76'),
('Quévreville-la-Poterie', '76'),
('Quiberon', '56'),
('Quimper', '29'),
('Quincy-sous-Sénart', '91'),
('Quint-Fonsegrives', '31'),
('Quissac', '30'),
('Rabastens', '81'),
('Rabat-les-Trois-Seigneurs', '09'),
('Racquinghem', '62'),
('Raimbeaucourt', '59'),
('Raincy', '93'),
('Rambervillers', '88'),
('Rambouillet', '78'),
('Ramonville-Saint-Agne', '31'),
('Rasteau', '84'),
('Réau', '77'),
('Regnéville-sur-Mer', '50'),
('Reichsfeld', '67'),
('Reignier', '74'),
('Reims', '51'),
('Relecq-Kerhuon', '29'),
('Rémelfing', '57'),
('Remiremont', '88'),
('Remy', '60'),
('Renaison', '42'),
('Rennes', '35'),
('Retournac', '43'),
('Réunion', '47'),
('Revest-les-Eaux', '83'),
('Rezé', '44'),
('Rheu', '35'),
('Ribes', '07'),
('Richardménil', '54'),
('Richebourg', '62'),
('Richelieu', '37'),
('Riec-sur-Belon', '29'),
('Riedisheim', '68'),
('Rillieux-la-Pape', '69'),
('Riom', '63'),
('Rion-des-Landes', '40'),
('Riorges', '42'),
('Ris-Orangis', '91'),
('Rivery', '80'),
('Rixheim', '68'),
('Roche', '38'),
('Roche-Bernard', '56'),
('Rochefort', '17'),
('Rochefort-du-Gard', '30'),
('Rochelle', '17'),
('Rochesson', '88'),
('Roches-sur-Marne', '52'),
('Roche-sur-Yon', '85'),
('Roche-Vineuse', '71'),
('Rocquencourt', '78'),
('Rodez', '12'),
('Rognac', '13'),
('Rognes', '13'),
('Roissy-en-Brie', '77'),
('Roissy-en-France', '95'),
('Romagnat', '63'),
('Romainville', '93'),
('Romans-sur-Isère', '26'),
('Rombly', '62'),
('Ronchin', '59'),
('Roquebrune', '32'),
('Roquebrune-Cap-Martin', '06'),
('Roque-d\'Anthéron', '13'),
('Roquefort-les-Pins', '06'),
('Roquefort-sur-Soulzon', '12'),
('Roquetoire', '62'),
('Rosbruck', '57'),
('Roscoff', '29'),
('Rosières-près-Troyes', '10'),
('Rosny-sous-Bois', '93'),
('Rosny-sur-Seine', '78'),
('Rosult', '59'),
('Rothois', '60'),
('Roubaix', '59'),
('Rouen', '76'),
('Rouffach', '68'),
('Rouffiac-Tolosan', '31'),
('Rouret', '06'),
('Roussas', '26'),
('Roussillon', '38'),
('Rouvres-en-Multien', '60'),
('Rouxmesnil-Bouteilles', '76'),
('Rouze', '09'),
('Rovon', '38'),
('Royan', '17'),
('Royat', '63'),
('Royaumeix', '54'),
('Roynac', '26'),
('Ruederbach', '68'),
('Rueil-Malmaison', '92'),
('Ruelle-sur-Touvre', '16'),
('Rue-Saint-Pierre', '60'),
('Rumaucourt', '62'),
('Rumersheim-le-Haut', '68'),
('Rumilly', '74'),
('Rungis', '94'),
('Rurey', '25'),
('Ryes', '14'),
('Saâcy-sur-Marne', '77'),
('Sables-d\'Olonne', '85'),
('Sablons', '38'),
('Sabran', '30'),
('Saclay', '91'),
('Saignon', '84'),
('Sains-Richaumont', '02'),
('Saint-Abraham', '56'),
('Saint-Alban-d\'Ay', '07'),
('Saint-Alban-de-Roche', '38'),
('Saint-Alban-Leysse', '73'),
('Saint-Amé', '88'),
('Saint-Andéol-le-Château', '69'),
('Saint-André-lez-Lille', '59'),
('Saint-Antoine-l\'Abbaye', '38'),
('Saint-Aquilin-de-Pacy', '27'),
('Saint-Armel', '35'),
('Saint-Arnoult-en-Yvelines', '78'),
('Saint-Auban', '06'),
('Saint-Aubin', '39'),
('Saint-Aubin-d\'Aubigné', '35'),
('Saint-Aubin-de-Médoc', '33'),
('Saint-Aubin-des-Châteaux', '44'),
('Saint-Aubin-le-Monial', '03'),
('Saint-Aubin-sur-Gaillon', '27'),
('Saint-Aupre', '38'),
('Saint-Aventin', '31'),
('Saint-Avertin', '37'),
('Saint-Bandry', '02'),
('Saint-Barthélemy', '56'),
('Saint-Barthélemy-d\'Anjou', '49'),
('Saint-Beauzire', '63'),
('Saint-Bonnet-de-Mure', '69'),
('Saint-Brevin-les-Pins', '44'),
('Saint-Briac-sur-Mer', '35'),
('Saint-Brice-Courcelles', '51'),
('Saint-Brieuc', '22'),
('Saint-Céré', '46'),
('Saint-Chamas', '13'),
('Saint-Chaptes', '30'),
('Saint-Chéron', '91'),
('Saint-Christophe', '03'),
('Saint-Clar-de-Rivière', '31'),
('Saint-Claude', '39'),
('Saint-Clément-de-la-Place', '49'),
('Saint-Clément-de-Rivière', '34'),
('Saint-Cloud', '92'),
('Saint-Cloud-en-Dunois', '28'),
('Saint-Cosme-en-Vairais', '72'),
('Saint-Coulomb', '35'),
('Saint-Cyr', '71'),
('Saint-Cyr-au-Mont-d\'Or', '69'),
('Saint-Cyr-en-Val', '45'),
('Saint-Cyr-l\'École', '78'),
('Saint-Cyr-sous-Dourdan', '91'),
('Saint-Cyr-sur-Loire', '37'),
('Saint-Cyr-sur-Mer', '83'),
('Saint-Denis', '93'),
('Saint-Denis-en-Val', '45'),
('Saint-Denis-la-Chevasse', '85'),
('Saint-Denis-lès-Bourg', '01'),
('Saint-Denis-Maisoncelles', '14'),
('Saint-Désirat', '07'),
('Saint-Didier-au-Mont-d\'Or', '69'),
('Saint-Dié-des-Vosges', '88'),
('Saint-Doulchard', '18'),
('Sainte-Adresse', '76'),
('Sainte-Anastasie-sur-Issole', '83'),
('Sainte-Aulde', '77'),
('Sainte-Bazeille', '47'),
('Sainte-Catherine', '62'),
('Sainte-Croix-Hague', '50'),
('Sainte-Foy-lès-Lyon', '69'),
('Sainte-Foy-Saint-Sulpice', '42'),
('Sainte-Foy-Tarentaise', '73'),
('Sainte-Geneviève-des-Bois', '91'),
('Saint-Égrève', '38'),
('Saint-Élix-le-Château', '31'),
('Sainte-Luce-sur-Loire', '44'),
('Sainte-Marie', '66'),
('Sainte-Marie-aux-Chênes', '57'),
('Sainte-Menehould', '51'),
('Sainte-Radegonde', '79'),
('Saint-Erblon', '35'),
('Sainte-Ruffine', '57'),
('Saint-Étienne', '42'),
('Saint-Étienne-au-Mont', '62'),
('Saint-Étienne-au-Temple', '51'),
('Saint-Étienne-de-Montluc', '44'),
('Saint-Étienne-du-Rouvray', '76'),
('Saint-Étienne-du-Vauvray', '27'),
('Saint-Eustache', '74'),
('Saint-Évarzec', '29'),
('Saint-Fargeau-Ponthierry', '77'),
('Saint-Féliu-d\'Amont', '66'),
('Saint-Ferréol-d\'Auroure', '43'),
('Saint-Florent-des-Bois', '85'),
('Saint-Folquin', '62'),
('Saint-Fons', '69'),
('Saint-Forget', '78'),
('Saint-Galmier', '42'),
('Saint-Gatien-des-Bois', '14'),
('Saint-Gaultier', '36'),
('Saint-Gelais', '79'),
('Saint-Gély-du-Fesc', '34'),
('Saint-Genest-Malifaux', '42'),
('Saint-Geniès-Bellevue', '31'),
('Saint-Genis-Laval', '69'),
('Saint-Genis-Pouilly', '01'),
('Saint-Georges-de-Didonne', '17'),
('Saint-Georges-de-Luzençon', '12'),
('Saint-Georges-en-Auge', '14'),
('Saint-Georges-sur-l\'Aa', '59'),
('Saint-Georges-sur-Loire', '49'),
('Saint-Germain', '10'),
('Saint-Germain-au-Mont-d\'Or', '69'),
('Saint-Germain-d\'Étables', '76'),
('Saint-Germain-de-Tallevende-la-Lande-Vaumont', '14'),
('Saint-Germain-en-Laye', '78'),
('Saint-Germain-lès-Arpajon', '91'),
('Saint-Germain-lès-Corbeil', '91'),
('Saint-Gervais', '95'),
('Saint-Gervais-la-Forêt', '41'),
('Saint-Gildas-de-Rhuys', '56'),
('Saint-Gilles-les-Bois', '22'),
('Saint-Gratien', '95'),
('Saint-Grégoire', '35'),
('Saint-Herblain', '44'),
('Saint-Hilaire', '31'),
('Saint-Hilaire', '38'),
('Saint-Hippolyte-le-Graveyron', '84'),
('Saint-Ismier', '38'),
('Saint-Jacques-de-la-Lande', '35'),
('Saint-Jean', '31'),
('Saint-Jean-Brévelay', '56'),
('Saint-Jean-de-Braye', '45'),
('Saint-Jean-de-Gonville', '01'),
('Saint-Jean-de-Linières', '49'),
('Saint-Jean-de-Luz', '64'),
('Saint-Jean-de-Maurienne', '73'),
('Saint-Jean-de-Rives', '81'),
('Saint-Jean-de-Védas', '34'),
('Saint-Jean-le-Blanc', '45'),
('Saint-Jean-le-Comtal', '32'),
('Saint-Joachim', '44'),
('Saint-Jorioz', '74'),
('Saint-Joseph', '42'),
('Saint-Judoce', '22'),
('Saint-Juéry', '81'),
('Saint-Julien', '83'),
('Saint-Julien-en-Genevois', '74'),
('Saint-Julien-l\'Ars', '86'),
('Saint-Julien-Mont-Denis', '73'),
('Saint-Just', '07'),
('Saint-Just', '27'),
('Saint-Justin', '40'),
('Saint-Lambert', '78'),
('Saint-Laurent-Blangy', '62'),
('Saint-Laurent-du-Var', '06'),
('Saint-Laurent-en-Royans', '26'),
('Saint-Laurent-Nouan', '41'),
('Saint-Léger-de-la-Martinière', '79'),
('Saint-Léger-en-Bray', '60'),
('Saint-Léger-en-Yvelines', '78'),
('Saint-Léon', '31'),
('Saint-Leu-d\'Esserent', '60'),
('Saint-Leu-la-Forêt', '95'),
('Saint-Lô', '50'),
('Saint-Louis', '68'),
('Saint-Loup-Géanges', '71'),
('Saint-Lubin-des-Joncherets', '28'),
('Saint-Lucien', '28'),
('Saint-Lunaire', '35'),
('Saint-Lyphard', '44'),
('Saint-Malo', '35'),
('Saint-Mandé', '94'),
('Saint-Mandrier-sur-Mer', '83'),
('Saint-Marcel', '27'),
('Saint-Marcellin', '38'),
('Saint-Mars-de-Coutais', '44'),
('Saint-Martin-Bellevue', '74'),
('Saint-Martin-Boulogne', '62'),
('Saint-Martin-de-Crau', '13'),
('Saint-Martin-de-Londres', '34'),
('Saint-Martin-de-Ré', '17'),
('Saint-Martin-d\'Hères', '38'),
('Saint-Martin-du-Manoir', '76'),
('Saint-Martin-d\'Uriage', '38'),
('Saint-Martin-du-Vivier', '76'),
('Saint-Martin-le-Vinoux', '38'),
('Saint-Martin-sur-Nohain', '58'),
('Saint-Mathieu-de-Tréviers', '34'),
('Saint-Maur-des-Fossés', '94'),
('Saint-Maurice', '94'),
('Saint-Maurice-de-Gourdans', '01'),
('Saint-Maximin', '38'),
('Saint-Maximin-la-Sainte-Baume', '83'),
('Saint-Médard-en-Jalles', '33'),
('Saint-Méen-le-Grand', '35'),
('Saint-Méloir-des-Ondes', '35'),
('Saint-Michel-Chef-Chef', '44'),
('Saint-Michel-sur-Orge', '91'),
('Saint-Michel-sur-Savasse', '26'),
('Saint-Mitre-les-Remparts', '13'),
('Saint-Nazaire', '44'),
('Saint-Nazaire-les-Eymes', '38'),
('Saint-Nolff', '56'),
('Saint-Nom-la-Bretèche', '78'),
('Saint-Omer', '62'),
('Saint-Orens-de-Gameville', '31'),
('Saint-Ouen', '93'),
('Saint-Ouen-l\'Aumône', '95'),
('Saint-Pantaléon-de-Larche', '19'),
('Saint-Paul-lès-Dax', '40'),
('Saint-Paul-lès-Durance', '13'),
('Saint-Paul-Trois-Châteaux', '26'),
('Saint-Pavace', '72'),
('Saint-Péray', '07'),
('Saint-Philibert', '56'),
('Saint-Piat', '28'),
('Saint-Pierre', '67'),
('Saint-Pierre-d\'Albigny', '73'),
('Saint-Pierre-d\'Aurillac', '33'),
('Saint-Pierre-de-Bailleul', '27'),
('Saint-Pierre-de-Lages', '31'),
('Saint-Pierre-de-Varennes', '71'),
('Saint-Pierre-d\'Irube', '64'),
('Saint-Pierre-du-Mont', '40'),
('Saint-Pierre-du-Val', '27'),
('Saint-Pierre-la-Garenne', '27'),
('Saint-Pierre-Quiberon', '56'),
('Saint-Pol-sur-Mer', '59'),
('Saint-Pourçain-sur-Sioule', '03'),
('Saint-Priest', '69'),
('Saint-Priest-en-Jarez', '42'),
('Saint-Prim', '38'),
('Saint-Prix', '95'),
('Saint-Quentin', '02'),
('Saint-Quentin-en-Mauges', '49'),
('Saint-Quentin-Fallavier', '38'),
('Saint-Quentin-la-Chabanne', '23'),
('Saint-Raphaël', '83'),
('Saint-Rémy', '71'),
('Saint-Rémy-lès-Chevreuse', '78'),
('Saint-Renan', '29'),
('Saint-Roch-sur-Égrenne', '61'),
('Saint-Sandoux', '63'),
('Saint-Saturnin-du-Bois', '17'),
('Saint-Saturnin-lès-Apt', '84'),
('Saint-Saulve', '59'),
('Saint-Sébastien-sur-Loire', '44'),
('Saint-Servais', '29'),
('Saint-Sulpice', '73'),
('Saint-Sulpice', '49'),
('Saint-Thibault-des-Vignes', '77'),
('Saint-Thuriau', '56'),
('Saint-Vallier-de-Thiey', '06'),
('Saint-Véran', '05'),
('Saint-Vincent-Cramesnil', '76'),
('Saint-Vincent-de-Barbeyrargues', '34'),
('Saint-Vincent-de-Paul', '40'),
('Saint-Vincent-la-Commanderie', '26'),
('Saint-Witz', '95'),
('Saint-Xandre', '17'),
('Salaise-sur-Sanne', '38'),
('Salbris', '41'),
('Sales', '74'),
('Salindres', '30'),
('Salins-les-Bains', '39'),
('Salle les Alpes', '05'),
('Salles', '33'),
('Salles-d\'Angles', '16'),
('Salles-la-Source', '12'),
('Salon-de-Provence', '13'),
('Samer', '62'),
('Samois-sur-Seine', '77'),
('Samoreau', '77'),
('Sanary-sur-Mer', '83'),
('Sannois', '95'),
('Sant\'Andréa-d\'Orcino', '2A'),
('Santeny', '94'),
('Sanzey', '54'),
('Sappey-en-Chartreuse', '38'),
('Saran', '45'),
('Sarcelles', '95'),
('Sardieu', '38'),
('Sargé-lès-le-Mans', '72'),
('Sarlat-la-Canéda', '24'),
('Sarralbe', '57'),
('Sarrebourg', '57'),
('Sarreguemines', '57'),
('Sartrouville', '78'),
('Sarzeau', '56'),
('Saulnières', '35'),
('Saulx-les-Chartreux', '91'),
('Saulx-Marchais', '78'),
('Saumur', '49'),
('Sausheim', '68'),
('Sausset-les-Pins', '13'),
('Sauvagnon', '64'),
('Sauverny', '01'),
('Sauveterre', '30'),
('Sauveterre', '65'),
('Savasse', '26'),
('Savigny-en-Véron', '37'),
('Savigny-lès-Beaune', '21'),
('Savigny-le-Temple', '77'),
('Savigny-sur-Orge', '91'),
('Savoisy', '21'),
('Sayat', '63'),
('Sceaux', '92'),
('Schiltigheim', '67'),
('Schweighouse-sur-Moder', '67'),
('Scy-Chazelles', '57'),
('Sebourg', '59'),
('Seclin', '59'),
('Séderon', '26'),
('Seichamps', '54'),
('Seignosse', '40'),
('Seilh', '31'),
('Seillans', '83'),
('Seltz', '67'),
('Semécourt', '57'),
('Semur-en-Auxois', '21'),
('Sénéchas', '30'),
('Senlis', '60'),
('Senlisse', '78'),
('Septmoncel', '39'),
('Sergy', '01'),
('Sermaise', '91'),
('Sermamagny', '90'),
('Serris', '77'),
('Serviès-en-Val', '11'),
('Servigny', '50'),
('Sète', '34'),
('Sevran', '93'),
('Sèvres', '92'),
('Sévrier', '74'),
('Seyne-sur-Mer', '83'),
('Seynod', '74'),
('Seyssinet-Pariset', '38'),
('Seyssins', '38'),
('Sézanne', '51'),
('Simiane-Collongue', '13'),
('Sioniac', '19'),
('Six-Fours-les-Plages', '83'),
('Soissons', '02'),
('Soisy-sous-Montmorency', '95'),
('Soisy-sur-Seine', '91'),
('Solesmes', '72'),
('Soliers', '14'),
('Sommervieu', '14'),
('Sommières', '30'),
('Sonchamp', '78'),
('Sorbiers', '42'),
('Sorinières', '44'),
('Soucieu-en-Jarrest', '69'),
('Soucy', '89'),
('Souzy-la-Briche', '91'),
('Soye-en-Septaine', '18'),
('Spicheren', '57'),
('Stains', '93'),
('Stattmatten', '67'),
('Stenay', '55'),
('Stiring-Wendel', '57'),
('Strasbourg', '67'),
('Strenquels', '46'),
('Sucé-sur-Erdre', '44'),
('Sucy-en-Brie', '94'),
('Suisse', '57'),
('Suresnes', '92'),
('Talant', '21'),
('Talaudière', '42'),
('Talence', '33'),
('Tarascon', '13'),
('Tarbes', '65'),
('Tarnos', '40'),
('Tassin-la-Demi-Lune', '69'),
('Taulis', '66'),
('Tauxigny', '37'),
('Taverny', '95'),
('Teloché', '72'),
('Templeuve', '59'),
('Tencin', '38'),
('Teste-de-Buch', '33'),
('Thaims', '17'),
('Thégra', '46'),
('Thiais', '94'),
('Thillois', '51'),
('Thionville', '57'),
('Thise', '25'),
('Thiverval-Grignon', '78'),
('Thoiry', '01'),
('Thomery', '77'),
('Thonon-les-Bains', '74'),
('Thorigné-Fouillard', '35'),
('Thorigny-sur-Marne', '77'),
('Thouaré-sur-Loire', '44'),
('Thourotte', '60'),
('Thuilley-aux-Groseilles', '54'),
('Thuit-Signol', '27'),
('Thurins', '69'),
('Thyez', '74'),
('Tignes', '73'),
('Torcé', '35'),
('Torcy', '77'),
('Toufflers', '59'),
('Toulon', '83'),
('Toulouse', '31'),
('Touquet-Paris-Plage', '62'),
('Tourcoing', '59'),
('Tour-d\'Aigues', '84'),
('Tour-de-Salvagny', '69'),
('Tour-du-Pin', '38'),
('Tourgéville', '14'),
('Tourlaville', '50'),
('Tournan-en-Brie', '77'),
('Tournay', '65'),
('Tourne', '33'),
('Tournefeuille', '31'),
('Tournon', '73'),
('Tournus', '71'),
('Tourrettes', '83'),
('Tourrettes-sur-Loup', '06'),
('Tours', '37'),
('Toussus-le-Noble', '78'),
('Touvet', '38'),
('Tranche-sur-Mer', '85'),
('Tranclière', '01'),
('Trangé', '72'),
('Trappes', '78'),
('Tréauville', '50'),
('Trébeurden', '22'),
('Trédrez-Locquémeau', '22'),
('Tréguennec', '29'),
('Tremblay-en-France', '93'),
('Tresserve', '73'),
('Tresses', '33'),
('Trévières', '14'),
('Trévignin', '73'),
('Trévoux', '01'),
('Triel-sur-Seine', '78'),
('Trinité-du-Mont', '76'),
('Trinité-sur-Mer', '56'),
('Triors', '26'),
('Trochères', '21'),
('Troisvilles', '59'),
('Tronche', '38'),
('Trouville-sur-Mer', '14'),
('Troyes', '10'),
('Tulle', '19'),
('Turbie', '06'),
('Ucel', '07'),
('Uffheim', '68'),
('Ulis', '91'),
('Unias', '42'),
('Union', '31'),
('Urrugne', '64'),
('Urt', '64'),
('Urville-Nacqueville', '50'),
('Us', '95'),
('Ussel', '15'),
('Ussel', '46'),
('Uzès', '30'),
('Vacqueville', '54'),
('Vagney', '88'),
('Vaire-sous-Corbie', '80'),
('Vaires-sur-Marne', '77'),
('Valbonne', '06'),
('Valdahon', '25'),
('Val-d\'Ajol', '88'),
('Val-de-Reuil', '27'),
('Val-d\'Isère', '73'),
('Valdoie', '90'),
('Valence', '26'),
('Valenciennes', '59'),
('Valentine', '31'),
('Valette-du-Var', '83'),
('Vallauris', '06'),
('Valleiry', '74'),
('Vallières', '74'),
('Valloire', '73'),
('Valmondois', '95'),
('Val-Saint-Germain', '91'),
('Vandœuvre-lès-Nancy', '54'),
('Vannes', '56'),
('Vanves', '92'),
('Varenne-Saint-Hilaire', '94'),
('Varennes-Jarcy', '91'),
('Varetz', '19'),
('Varois-et-Chaignot', '21'),
('Varsberg', '57'),
('Varzy', '58'),
('Vauclerc', '51'),
('Vaucresson', '92'),
('Vauhallan', '91'),
('Vault-de-Lugny', '89'),
('Vaulx-Vraucourt', '62'),
('Vauréal', '95'),
('Vaux-le-Pénil', '77'),
('Vaux-sur-Mer', '17'),
('Vayrac', '46'),
('Vedène', '84'),
('Velaux', '13'),
('Vélizy-Villacoublay', '78'),
('Vendargues', '34'),
('Vendôme', '41'),
('Venelles', '13'),
('Venerque', '31'),
('Venise', '25'),
('Venizy', '89'),
('Ventabren', '13'),
('Ventenac-en-Minervois', '11'),
('Verderel-lès-Sauqueuse', '60'),
('Verdun', '55'),
('Vernègues', '13'),
('Verneuil-sur-Avre', '27'),
('Verneuil-sur-Seine', '78'),
('Verneuil-sur-Vienne', '87'),
('Vernon', '27'),
('Vernouillet', '78'),
('Verrières-le-Buisson', '91'),
('Vers', '71'),
('Versailles', '78'),
('Versonnex', '01'),
('Versoud', '38'),
('Vert', '78'),
('Vertaizon', '63'),
('Verteillac', '24'),
('Vert-le-Grand', '91'),
('Vert-le-Petit', '91'),
('Verton', '62'),
('Vertou', '44'),
('Vert-Saint-Denis', '77'),
('Verzé', '71'),
('Vesc', '26'),
('Vésinet', '78'),
('Vesoul', '70'),
('Veurey-Voroize', '38'),
('Veyrier-du-Lac', '74'),
('Vézénobres', '30'),
('Vezin-le-Coquet', '35'),
('Viarmes', '95'),
('Vic-en-Bigorre', '65'),
('Vichy', '03'),
('Vienne', '38'),
('Vierville-sur-Mer', '14'),
('Vigan', '46'),
('Vigny', '57'),
('Vigoulet-Auzil', '31'),
('Villard-Bonnot', '38'),
('Villard-Léger', '73'),
('Villards-sur-Thônes', '74'),
('Villarodin-Bourget', '73'),
('Villaudric', '31'),
('Villaz', '74'),
('Ville-aux-Dames', '37'),
('Villebon-sur-Yvette', '91'),
('Villecomte', '21'),
('Villecresnes', '94'),
('Ville-d\'Avray', '92'),
('Ville-du-Bois', '91'),
('Villefontaine', '38'),
('Villefranche-de-Rouergue', '12'),
('Villefranche-sur-Mer', '06'),
('Villefranche-sur-Saône', '69'),
('Villejuif', '94'),
('Ville-la-Grand', '74'),
('Villemandeur', '45'),
('Villemoisson-sur-Orge', '91'),
('Villemomble', '93'),
('Villemur-sur-Tarn', '31'),
('Villenave-d\'Ornon', '33'),
('Villeneuve-au-Chemin', '10'),
('Villeneuve-d\'Ascq', '59'),
('Villeneuve-la-Garenne', '92'),
('Villeneuve-le-Comte', '77'),
('Villeneuve-lès-Avignon', '30'),
('Villeneuve-les-Sablons', '60'),
('Villeneuve-Loubet', '06'),
('Villeneuve-Saint-Georges', '94'),
('Villeneuve-sur-Lot', '47'),
('Villeneuve-Tolosane', '31'),
('Villennes-sur-Seine', '78'),
('Villeparisis', '77'),
('Villepinte', '93'),
('Villepreux', '78'),
('Villers-Cotterêts', '02'),
('Villers-lès-Nancy', '54'),
('Villers-sur-Mer', '14'),
('Ville-sous-Anjou', '38'),
('Villetaneuse', '93'),
('Villette', '78'),
('Villeurbanne', '69'),
('Villiers-en-Bière', '77'),
('Villiers-le-Bâcle', '91'),
('Villiers-le-Bel', '95'),
('Villiers-le-Morhier', '28'),
('Villiers-Saint-Fréderic', '78'),
('Villiers-sous-Grez', '77'),
('Villiers-sur-Marne', '94'),
('Villiers-sur-Morin', '77'),
('Villieu-Loyes-Mollon', '01'),
('Vincelottes', '89'),
('Vincennes', '94'),
('Vineuil', '41'),
('Vineuil-Saint-Firmin', '60'),
('Vinezac', '07'),
('Vinneuf', '89'),
('Vinon-sur-Verdon', '83'),
('Vire', '14'),
('Virey-le-Grand', '71'),
('Viriville', '38'),
('Viroflay', '78'),
('Viry-Châtillon', '91'),
('Vitré', '35'),
('Vitrolles', '13'),
('Vitry-le-François', '51'),
('Vitry-sur-Seine', '94'),
('Vizille', '38'),
('Voiron', '38'),
('Voisins-le-Bretonneux', '78'),
('Volckerinckhove', '59'),
('Volvic', '63'),
('Voreppe', '38'),
('Vosnon', '10'),
('Voulx', '77'),
('Vulaines-sur-Seine', '77'),
('Vulbens', '74'),
('Waltembourg', '57'),
('Wasquehal', '59'),
('Wattignies', '59'),
('Wattrelos', '59'),
('Wattwiller', '68'),
('Wavrin', '59'),
('Wickerschwihr', '68'),
('Willems', '59'),
('Wingersheim', '67'),
('Wintzenheim', '68'),
('Wissembourg', '67'),
('Wissous', '91'),
('Wittelsheim', '68'),
('Xertigny', '88'),
('Yenne', '73'),
('Yerres', '91'),
('Yssingeaux', '43'),
('Yutz', '57'),
('Yvetot', '76'),
('Yzeure', '03'),
('Zillisheim', '68');



-- vim:set syntax=mysql:
